name, value
R, 34280.57494368474
C, 3.013975948521488e-12
L, 8.798214023849146e-05
