name, value
Ls, 7.729202181689702e-08
Cp, 9.688639214072516e-10
Rp, 193.78362326871664
