name, value
R, 34660.6498988781
C, 3.313537467969372e-12
L, 7.921742782834439e-05
